{"title":[{"name":"Kenya","iso":"KEN"}],"data":{"admin":[{"name":"Administrative 0","desc":"Country Borders","type":"raster","src":"http://gadm.org","link":"KEN_adm0.tif"}],"climate":[{"name":"Annual Mean Temperature","desc":"Average annual mean temperature (°C) for 1950-2000. ","type":"raster","src":"http://worldclim.org","link":"KEN_bio1.tif"},{"name":"Mean Temperature of Warmest Quarter","desc":"Mean Temperature of Warmest Quarter  for 1950-2000. ","type":"raster","src":"http://worldclim.org","link":"KEN_bio10.tif"},{"name":"Mean Temperature of Coldest Quarter","desc":"Mean Temperature of Coldest Quarter  for 1950-2000. ","type":"raster","src":"http://worldclim.org","link":"KEN_bio11.tif"},{"name":"Annual Precipitation","desc":"Annual Precipitation  for 1950-2000. ","type":"raster","src":"http://worldclim.org","link":"KEN_bio12.tif"},{"name":"Precipitation of Wettest Month","desc":"Precipitation of Wettest Month  for 1950-2000. ","type":"raster","src":"http://worldclim.org","link":"KEN_bio13.tif"},{"name":"Precipitation of Driest Month","desc":"Precipitation of Driest Month  for 1950-2000. ","type":"raster","src":"http://worldclim.org","link":"KEN_bio14.tif"},{"name":"Precipitation Seasonality","desc":"Precipitation Seasonality (Coefficient of Variation) for 1950-2000. ","type":"raster","src":"http://worldclim.org","link":"KEN_bio15.tif"},{"name":"Precipitation of Wettest Quarter","desc":"Precipitation of Wettest Quarter  for 1950-2000. ","type":"raster","src":"http://worldclim.org","link":"KEN_bio16.tif"},{"name":"Precipitation of Driest Quarter","desc":"Precipitation of Driest Quarter  for 1950-2000. ","type":"raster","src":"http://worldclim.org","link":"KEN_bio17.tif"},{"name":"Precipitation of Warmest Quarter","desc":"Precipitation of Warmest Quarter  for 1950-2000. ","type":"raster","src":"http://worldclim.org","link":"KEN_bio18.tif"},{"name":"Precipitation of Coldest Quarter","desc":"Precipitation of Coldest Quarter  for 1950-2000. ","type":"raster","src":"http://worldclim.org","link":"KEN_bio19.tif"},{"name":"Temperature Mean Diurnal Range","desc":"Mean Diurnal Range (Mean of monthly (max temp - min temp)) for 1950-2000. ","type":"raster","src":"http://worldclim.org","link":"KEN_bio2.tif"},{"name":"Isothermality","desc":"Isothermality  (BIO2/BIO7) (* 100) for 1950-2000. ","type":"raster","src":"http://worldclim.org","link":"KEN_bio3.tif"},{"name":"Temperature Seasonality","desc":"Temperature Seasonality (standard deviation *100) for 1950-2000. ","type":"raster","src":"http://worldclim.org","link":"KEN_bio4.tif"},{"name":"Max Temperature of Warmest Month","desc":"Max Temperature of Warmest Month  for 1950-2000. ","type":"raster","src":"http://worldclim.org","link":"KEN_bio5.tif"},{"name":"Min Temperature of Coldest Month","desc":"Min Temperature of Coldest Month  for 1950-2000. ","type":"raster","src":"http://worldclim.org","link":"KEN_bio6.tif"},{"name":"Temperature Annual Range","desc":"Temperature Annual Range (BIO5-BIO6) for 1950-2000. ","type":"raster","src":"http://worldclim.org","link":"KEN_bio7.tif"},{"name":"Mean Temperature of Wettest Quarter","desc":"Mean Temperature of Wettest Quarter  for 1950-2000. ","type":"raster","src":"http://worldclim.org","link":"KEN_bio8.tif"},{"name":"Mean Temperature of Driest Quarter","desc":"Mean Temperature of Driest Quarter  for 1950-2000. ","type":"raster","src":"http://worldclim.org","link":"KEN_bio9.tif"}],"human":[{"name":"Travel time to Market","desc":"Travel time (hours, by road and/or water) to the nearest city with population larger than 50,000 in the year 2000.","type":"raster","src":"http://bioval.jrc.ec.europa.eu/","link":"KEN_access_50k.tif"},{"name":"Population Density","desc":"Population Density at 100m x 100m resolution.","type":"raster","src":"http://www.worldpop.org.uk/","link":"KEN_worldpop2010.tif"}],"soils":[{"name":"Depth to Bedrock","desc":"Depth to bedrock (R horizon) up to maximum 240 cm.","type":"raster","src":"http://soilgrids.org","link":"KEN_BDRICM_02_apr_2014.tif"},{"name":"Bulk Density 2.5cm","desc":"Bulk density in kg / cubic-meter (mean estimate) for 2.5 cm depth. ","type":"raster","src":"http://soilgrids.org","link":"KEN_BLD_sd1_M_02_apr_2014.tif"},{"name":"Cation Exchange Capacity 2.5cm","desc":"Cation exchange capacity in cmolc/kg (mean estimate) for 2.5 cm depth. ","type":"raster","src":"http://soilgrids.org","link":"KEN_CEC_sd1_M_02_apr_2014.tif"},{"name":"Clay Percentage 2.5cm","desc":"Soil texture fraction clay in percent (mean estimate) for 2.5 cm depth. ","type":"raster","src":"http://soilgrids.org","link":"KEN_CLYPPT_sd1_M_02_apr_2014.tif"},{"name":"Coarse Fragments 2.5cm","desc":"Coarse fragments volumetric in percent (mean estimate) for 2.5 cm depth.","type":"raster","src":"http://soilgrids.org","link":"KEN_CRFVOL_sd1_M_02_apr_2014.tif"},{"name":"Organic Carbon Stock 2.5cm","desc":"Soil organic carbon stock in tonnes per ha (mean estimate) for 2.5 cm depth.","type":"raster","src":"http://soilgrids.org","link":"KEN_OCSTHA_sd1_M_02_apr_2014.tif"},{"name":"Organic Carbon Content 2.5cm","desc":"Soil organic carbon content (fine earth fraction) in permilles (mean estimate) for 2.5 cm depth.","type":"raster","src":"http://soilgrids.org","link":"KEN_ORCDRC_sd1_M_02_apr_2014.tif"},{"name":"Organic Carbon Content 10cm","desc":"Soil organic carbon content (fine earth fraction) in permilles (mean estimate) for 10 cm depth.","type":"raster","src":"http://soilgrids.org","link":"KEN_ORCDRC_sd2_M_02_apr_2014.tif"},{"name":"pH 2.5cm","desc":"Soil pH x 10 in H2O (mean estimate) for 2.5 cm depth.","type":"raster","src":"http://soilgrids.org","link":"KEN_PHIHOX_sd1_M_02_apr_2014.tif"},{"name":"pH 10cm","desc":"Soil pH x 10 in H2O (mean estimate) for 10 cm depth.","type":"raster","src":"http://soilgrids.org","link":"KEN_PHIHOX_sd2_M_02_apr_2014.tif"},{"name":"Silt Percentage 2.5cm","desc":"Soil texture fraction silt in percent (mean estimate) for 2.5 cm depth.","type":"raster","src":"http://soilgrids.org","link":"KEN_SLTPPT_sd1_M_02_apr_2014.tif"},{"name":"Sand Percentage 2.5cm","desc":"Soil texture fraction sand in percent (mean estimate) for 2.5 cm depth.","type":"raster","src":"http://soilgrids.org","link":"KEN_SNDPPT_sd1_M_02_apr_2014.tif"}],"topo":[{"name":"Elevation","desc":"Elevation values (meter).","type":"raster","src":"http://worldclim.org","link":"KEN_alt.tif"},{"name":"Aspect","desc":"Aspect computed with neighbors=8 (degrees).","type":"raster","src":"http://worldclim.org","link":"KEN_aspect.tif"},{"name":"Roughness","desc":"Difference between the maximum and the minimum value of a cell and its 8 surrounding cells.","type":"raster","src":"http://worldclim.org","link":"KEN_roughness.tif"},{"name":"Slope","desc":"Slope computed with neighbors=8 (degrees).","type":"raster","src":"http://worldclim.org","link":"KEN_slope.tif"},{"name":"Topographic Position Index","desc":"Difference between the value of a cell and the mean value of its 8 surrounding cells.","type":"raster","src":"http://worldclim.org","link":"KEN_tpi.tif"},{"name":"Terrain Ruggedness Index","desc":"Mean of the absolute differences between the value of a cell and the value of its 8 surrounding cells.","type":"raster","src":"http://worldclim.org","link":"KEN_tri.tif"}]}} 
